{
	"pattrstorage" : 	{
		"name" : "Audio",
		"slots" : 		{
			"1" : 			{
				"id" : 1,
				"data" : 				{
					"AmpS1" : [ 0.0 ],
					"AmpS2" : [ 0.0 ],
					"AmpS3" : [ 0.0 ],
					"AmpS4" : [ 0.0 ],
					"AmpS5" : [ 0.0 ],
					"AmpS6" : [ 0.0 ],
					"AngleS5" : [ 162 ],
					"AngleS6" : [ 24 ],
					"DistS1" : [ 3.890000000000001 ],
					"DistS2" : [ 6.664000000000001 ],
					"DistS3" : [ 7.690000000000001 ],
					"DistS4" : [ 8.311000000000002 ],
					"DistS5" : [ 9.163000000000002 ],
					"DistS6" : [ 20.0 ],
					"RotationAudio" : [ 299 ],
					"S1Mix" : [ 0.01 ],
					"S2Mix" : [ 0.01 ],
					"S3Mix" : [ 0.03 ],
					"S4Mix" : [ 0.67 ],
					"S5Mix" : [ 1.0 ],
					"S6Mix" : [ 1.0 ],
					"SpeedS1" : [ 0.87 ],
					"SpeedS2" : [ 0.4 ],
					"SpeedS3" : [ 0.2 ],
					"SpeedS4" : [ 1.17 ],
					"SpeedS5" : [ 1.3 ],
					"SpeedS6" : [ 1.3 ]
				}
			}
,
		"2" : 			{
			"id" : 2,
			"data" : 				{
				"AmpS1" : [ 0.7 ],
				"AmpS2" : [ 0.7 ],
				"AmpS3" : [ 0.7 ],
				"AmpS4" : [ 0.7 ],
				"AmpS5" : [ 0.0 ],
				"AmpS6" : [ 0.0 ],
				"AngleS5" : [ 162 ],
				"AngleS6" : [ 24 ],
				"DistS1" : [ 6.890000000000001 ],
				"DistS2" : [ 6.664000000000001 ],
				"DistS3" : [ 7.690000000000001 ],
				"DistS4" : [ 8.311000000000002 ],
				"DistS5" : [ 9.163000000000002 ],
				"DistS6" : [ 20.0 ],
				"RotationAudio" : [ 500 ],
				"S1Mix" : [ 1.0 ],
				"S2Mix" : [ 1.0 ],
				"S3Mix" : [ 1.0 ],
				"S4Mix" : [ 1.0 ],
				"S5Mix" : [ 1.0 ],
				"S6Mix" : [ 1.0 ],
				"SpeedS1" : [ 0.87 ],
				"SpeedS2" : [ 0.8 ],
				"SpeedS3" : [ 0.8 ],
				"SpeedS4" : [ 0.8 ],
				"SpeedS5" : [ 1.0 ],
				"SpeedS6" : [ 1.0 ]
			}
		}
,
		"3" : 			{
			"id" : 3,
			"data" : 				{
				"AmpS1" : [ 0.8 ],
				"AmpS2" : [ 0.78 ],
				"AmpS3" : [ 0.8 ],
				"AmpS4" : [ 0.8 ],
				"AmpS5" : [ 0.2 ],
				"AmpS6" : [ 0.0 ],
				"AngleS5" : [ 1 ],
				"AngleS6" : [ 124 ],
				"DistS1" : [ 9.890000000000001 ],
				"DistS2" : [ 7.664000000000001 ],
				"DistS3" : [ 6.690000000000001 ],
				"DistS4" : [ 10.311000000000002 ],
				"DistS5" : [ 5.163000000000002 ],
				"DistS6" : [ 5.0 ],
				"RotationAudio" : [ 300 ],
				"S1Mix" : [ 1.0 ],
				"S2Mix" : [ 1.0 ],
				"S3Mix" : [ 1.0 ],
				"S4Mix" : [ 1.0 ],
				"S5Mix" : [ 1.0 ],
				"S6Mix" : [ 1.0 ],
				"SpeedS1" : [ 1.3 ],
				"SpeedS2" : [ 1.2 ],
				"SpeedS3" : [ 1.5 ],
				"SpeedS4" : [ 1.2 ],
				"SpeedS5" : [ 1.0 ],
				"SpeedS6" : [ 1.0 ]
			}
		}
,
		"4" : 			{
			"id" : 4,
			"data" : 				{
				"AmpS1" : [ 0.8 ],
				"AmpS2" : [ 0.78 ],
				"AmpS3" : [ 0.8 ],
				"AmpS4" : [ 0.8 ],
				"AmpS5" : [ 0.2 ],
				"AmpS6" : [ 0.0 ],
				"AngleS5" : [ 1 ],
				"AngleS6" : [ 124 ],
				"DistS1" : [ 15.890000000000001 ],
				"DistS2" : [ 15.664000000000001 ],
				"DistS3" : [ 15.690000000000001 ],
				"DistS4" : [ 15.311000000000002 ],
				"DistS5" : [ 5.163000000000002 ],
				"DistS6" : [ 5.0 ],
				"RotationAudio" : [ 10 ],
				"S1Mix" : [ 1.0 ],
				"S2Mix" : [ 1.0 ],
				"S3Mix" : [ 1.0 ],
				"S4Mix" : [ 1.0 ],
				"S5Mix" : [ 1.0 ],
				"S6Mix" : [ 1.0 ],
				"SpeedS1" : [ 1.5 ],
				"SpeedS2" : [ 1.45 ],
				"SpeedS3" : [ 1.4 ],
				"SpeedS4" : [ 1.5 ],
				"SpeedS5" : [ 1.0 ],
				"SpeedS6" : [ 1.0 ]
			}
		}
,
		"5" : 			{
			"id" : 5,
			"data" : 				{
				"AmpS1" : [ 0.8 ],
				"AmpS2" : [ 0.78 ],
				"AmpS3" : [ 0.8 ],
				"AmpS4" : [ 0.8 ],
				"AmpS5" : [ 0.5 ],
				"AmpS6" : [ 0.7 ],
				"AngleS5" : [ 190 ],
				"AngleS6" : [ 350 ],
				"DistS1" : [ 7.890000000000001 ],
				"DistS2" : [ 6.664000000000001 ],
				"DistS3" : [ 8.690000000000001 ],
				"DistS4" : [ 7.311000000000002 ],
				"DistS5" : [ 9.163000000000002 ],
				"DistS6" : [ 12.0 ],
				"RotationAudio" : [ 25 ],
				"S1Mix" : [ 0.5 ],
				"S2Mix" : [ 0.5 ],
				"S3Mix" : [ 0.5 ],
				"S4Mix" : [ 0.5 ],
				"S5Mix" : [ 1.0 ],
				"S6Mix" : [ 1.0 ],
				"SpeedS1" : [ 1.5 ],
				"SpeedS2" : [ 1.45 ],
				"SpeedS3" : [ 1.4 ],
				"SpeedS4" : [ 1.5 ],
				"SpeedS5" : [ 1.0 ],
				"SpeedS6" : [ 1.0 ]
			}
		}
,
		"6" : 			{
			"id" : 6,
			"data" : 				{
				"AmpS1" : [ 0.8 ],
				"AmpS2" : [ 0.78 ],
				"AmpS3" : [ 0.8 ],
				"AmpS4" : [ 0.8 ],
				"AmpS5" : [ 0.9 ],
				"AmpS6" : [ 0.4 ],
				"AngleS5" : [ 350 ],
				"AngleS6" : [ 210 ],
				"DistS1" : [ 9.890000000000001 ],
				"DistS2" : [ 9.664000000000001 ],
				"DistS3" : [ 9.690000000000001 ],
				"DistS4" : [ 9.311000000000002 ],
				"DistS5" : [ 10.163000000000002 ],
				"DistS6" : [ 10.0 ],
				"RotationAudio" : [ 10 ],
				"S1Mix" : [ 0.0 ],
				"S2Mix" : [ 0.0 ],
				"S3Mix" : [ 0.0 ],
				"S4Mix" : [ 0.0 ],
				"S5Mix" : [ 1.0 ],
				"S6Mix" : [ 1.0 ],
				"SpeedS1" : [ 0.8 ],
				"SpeedS2" : [ 0.65 ],
				"SpeedS3" : [ 0.7 ],
				"SpeedS4" : [ 0.8 ],
				"SpeedS5" : [ 1.3 ],
				"SpeedS6" : [ 1.3 ]
			}
		}
,
		"7" : 			{
			"id" : 7,
			"data" : 				{
				"AmpS1" : [ 0.8 ],
				"AmpS2" : [ 0.78 ],
				"AmpS3" : [ 0.8 ],
				"AmpS4" : [ 0.8 ],
				"AmpS5" : [ 0.2 ],
				"AmpS6" : [ 0.7 ],
				"AngleS5" : [ 190 ],
				"AngleS6" : [ 350 ],
				"DistS1" : [ 7.890000000000001 ],
				"DistS2" : [ 6.664000000000001 ],
				"DistS3" : [ 8.690000000000001 ],
				"DistS4" : [ 7.311000000000002 ],
				"DistS5" : [ 9.163000000000002 ],
				"DistS6" : [ 12.0 ],
				"RotationAudio" : [ 25 ],
				"S1Mix" : [ 0.2 ],
				"S2Mix" : [ 0.2 ],
				"S3Mix" : [ 0.2 ],
				"S4Mix" : [ 0.2 ],
				"S5Mix" : [ 1.0 ],
				"S6Mix" : [ 1.0 ],
				"SpeedS1" : [ 1.5 ],
				"SpeedS2" : [ 1.45 ],
				"SpeedS3" : [ 1.4 ],
				"SpeedS4" : [ 1.5 ],
				"SpeedS5" : [ 1.0 ],
				"SpeedS6" : [ 1.0 ]
			}
		}
,
		"8" : 			{
			"id" : 8,
			"data" : 				{
				"AmpS1" : [ 0.8 ],
				"AmpS2" : [ 0.78 ],
				"AmpS3" : [ 0.8 ],
				"AmpS4" : [ 0.8 ],
				"AmpS5" : [ 0.8 ],
				"AmpS6" : [ 0.3 ],
				"AngleS5" : [ 190 ],
				"AngleS6" : [ 350 ],
				"DistS1" : [ 7.890000000000001 ],
				"DistS2" : [ 6.664000000000001 ],
				"DistS3" : [ 8.690000000000001 ],
				"DistS4" : [ 7.311000000000002 ],
				"DistS5" : [ 9.163000000000002 ],
				"DistS6" : [ 12.0 ],
				"RotationAudio" : [ 25 ],
				"S1Mix" : [ 0.2 ],
				"S2Mix" : [ 0.2 ],
				"S3Mix" : [ 0.2 ],
				"S4Mix" : [ 0.2 ],
				"S5Mix" : [ 1.0 ],
				"S6Mix" : [ 1.0 ],
				"SpeedS1" : [ 1.5 ],
				"SpeedS2" : [ 1.45 ],
				"SpeedS3" : [ 1.4 ],
				"SpeedS4" : [ 1.5 ],
				"SpeedS5" : [ 1.0 ],
				"SpeedS6" : [ 1.0 ]
			}
		}
,
		"9" : 			{
			"id" : 9,
			"data" : 				{
				"AmpS1" : [ 1.0 ],
				"AmpS2" : [ 1.0 ],
				"AmpS3" : [ 1.0 ],
				"AmpS4" : [ 1.0 ],
				"AmpS5" : [ 0.5 ],
				"AmpS6" : [ 0.5 ],
				"AngleS5" : [ 162 ],
				"AngleS6" : [ 24 ],
				"DistS1" : [ 13.890000000000001 ],
				"DistS2" : [ 13.664000000000001 ],
				"DistS3" : [ 13.690000000000001 ],
				"DistS4" : [ 13.311000000000002 ],
				"DistS5" : [ 9.163000000000002 ],
				"DistS6" : [ 9.0 ],
				"RotationAudio" : [ 20 ],
				"S1Mix" : [ 0.25 ],
				"S2Mix" : [ 0.25 ],
				"S3Mix" : [ 0.25 ],
				"S4Mix" : [ 0.25 ],
				"S5Mix" : [ 1.0 ],
				"S6Mix" : [ 1.0 ],
				"SpeedS1" : [ 0.87 ],
				"SpeedS2" : [ 0.4 ],
				"SpeedS3" : [ 0.2 ],
				"SpeedS4" : [ 1.17 ],
				"SpeedS5" : [ 1.3 ],
				"SpeedS6" : [ 1.3 ]
			}
		}
,
	"9" : 			{
		"id" : 9,
		"data" : 				{
			"AmpS1" : [ 0.7 ],
			"AmpS2" : [ 0.7 ],
			"AmpS3" : [ 0.7 ],
			"AmpS4" : [ 0.7 ],
			"AmpS5" : [ 0.0 ],
			"AmpS6" : [ 0.0 ],
			"AngleS5" : [ 162 ],
			"AngleS6" : [ 24 ],
			"DistS1" : [ 6.890000000000001 ],
			"DistS2" : [ 6.664000000000001 ],
			"DistS3" : [ 7.690000000000001 ],
			"DistS4" : [ 8.311000000000002 ],
			"DistS5" : [ 9.163000000000002 ],
			"DistS6" : [ 20.0 ],
			"RotationAudio" : [ 500 ],
			"S1Mix" : [ 1.0 ],
			"S2Mix" : [ 1.0 ],
			"S3Mix" : [ 1.0 ],
			"S4Mix" : [ 1.0 ],
			"S5Mix" : [ 1.0 ],
			"S6Mix" : [ 1.0 ],
			"SpeedS1" : [ 0.87 ],
			"SpeedS2" : [ 0.8 ],
			"SpeedS3" : [ 0.8 ],
			"SpeedS4" : [ 0.8 ],
			"SpeedS5" : [ 1.0 ],
			"SpeedS6" : [ 1.0 ]
		}
	}
,
	"10" : 			{
		"id" : 10,
		"data" : 				{
			"AmpS1" : [ 0.0 ],
			"AmpS2" : [ 0.0 ],
			"AmpS3" : [ 0.0 ],
			"AmpS4" : [ 0.0 ],
			"AmpS5" : [ 0.0 ],